time,id,Speed,xDistance,yDistance,Vx平均值,Vy平均值,grid_position,TTC_matrix,IS_matrix,Total_Risk_matrix,state,时间ID
16:46:26,1038,5.8,-0.4,-2.2,9.87,0.02,8,0.5492647623498311,0.3558737742990442,0.4525692683244376,High Risk,1
16:46:27,1038,6.8,-2.4,-2.6,10.66,0.02,8,0.9164320147007324,0.5418676003952596,0.7291498075479961,High Risk,1
16:46:28,1027,7.8,-6,-2.6,11.2,0.02,7,1.9226929596981024,0.9769661017311478,1.449829530714625,Medium Risk,1
16:46:29,1027,14.8,-6,-0.4,12.13,0.01,4,2.251339510069274,0.8632840977762859,1.55731180392278,Medium Risk,1
16:46:30,781,15.2,-4,-1,12.3,0,4,1.4212704672932308,0.5878166851022117,1.0045435761977213,High Risk,1
16:46:31,59,16.8,2.1,-2.5,11.82,-0.01,8,0.6554845043644841,0.4748317937330267,0.5651581490487554,High Risk,1
16:46:32,522,17.2,3.1,-2.5,11.54,0.02,9,0.7034929769636908,0.5861629514544069,0.6448279642090489,High Risk,1
16:46:32,522,16.5,1.5,-2.7,11.54,0.02,8,0.6225962169959809,0.4546120690101763,0.5386041430030786,High Risk,1
16:46:33,59,16.2,2.2,-2.8,12,0.02,8,0.8476345846670408,0.5139711079129671,0.680802846290004,High Risk,1
16:46:34,522,16.6,5.5,-3,12.26,-0.01,9,1.4432130681710786,0.8946322043529467,1.1689226362620126,High Risk,1
16:46:36,1027,15.5,-5.6,-2.6,12.94,0.01,7,2.410835193912237,0.8581816960056391,1.6345084449589378,Medium Risk,1
16:46:37,1027,15.5,-3,-2.6,13.29,-0.01,7,1.795519404525959,0.544484547504183,1.170001976015071,High Risk,1
16:46:38,1027,15.8,0,-3,13.41,-0.01,8,1.2547071008996362,0.4096159033140514,0.8321615021068438,High Risk,1
16:46:39,1027,15.8,-0.2,-3.4,13.23,0.01,8,1.3247305638758724,0.4681866380098164,0.8964586009428444,High Risk,1
16:46:39,1027,15.5,1.5,-3.2,13.23,0.01,8,1.5561978382808284,0.4858153573665135,1.0210065978236709,High Risk,1
16:46:40,1027,15.8,0.2,-3.8,13.17,0,8,1.446316806570919,0.5242777148110839,0.9852972606910017,High Risk,1
16:46:40,1027,15.6,3.3,-3.1,13.17,0,9,1.8624815175107807,0.6238124633010949,1.243146990405938,Medium Risk,1
16:46:41,1027,15,3.5,-3.2,13.21,0,9,2.6478851371031564,0.652399054930018,1.6501420960165871,Medium Risk,1
16:46:42,1027,15.4,5.3,-3.3,13.33,0,9,3.014677214637946,0.8550191602771895,1.934848187457568,Medium Risk,1
16:46:43,1027,15.2,7,-3.6,13.58,-0.01,9,4.855944071984949,1.0680110966293026,2.961977584307125,Medium Risk,1
16:46:44,1027,16.2,-1.8,-5.8,13.41,0,8,2.1758834038966657,0.8291843021968605,1.5025338530467631,Medium Risk,1
16:46:45,1027,16.5,0,-5.8,13,0,8,1.6566695229934305,0.8043152845265822,1.2304924037600062,Medium Risk,1
16:46:46,1027,15,1.8,-5.7,13.02,-0.01,8,3.0173999197915045,0.8282872119506561,1.9228435658710803,Medium Risk,1
16:46:47,1027,15,2.4,-5.8,13.19,-0.01,8,3.4660160515684773,0.8641629750203097,2.1650895132943937,Medium Risk,1
16:46:48,1027,16.8,-3,-5.6,13.34,-0.01,7,1.8355847875496727,0.8696962697264146,1.352640528638044,Medium Risk,1
16:46:48,1027,15.8,4.6,-5.8,13.34,-0.01,9,3.008010355029964,1.0134032850723431,2.010706820051153,Medium Risk,1
16:46:49,1027,16.8,0,-5.6,12.91,0,8,1.4392187098432276,0.7792824759879273,1.1092505929155774,High Risk,1
16:46:51,29,12.4,2,-5.2,11.89,0,8,10.90284796648464,0.8078671209509277,5.855357543717783,Low Risk,1
16:46:52,29,12.5,3.5,-4.4,11.82,0,9,8.255913537075244,0.8176614335812588,4.536787485328252,Medium Risk,1
16:46:53,29,12.9,5.1,-4,11.8,-0.01,9,5.886954690243693,0.9434204011331538,3.415187545688424,Medium Risk,1
16:46:54,29,13.7,6.7,-4,11.77,-0.01,9,4.041026222989708,1.1372466902476552,2.5891364566186814,Medium Risk,1
16:46:58,29,12.3,0.8,-3.7,9.66,-0.01,9,1.433360872851075,0.6089819492713585,1.021171411061217,High Risk,1
16:46:59,29,12.2,2.8,-3.1,8.94,0,9,1.2809934728123535,0.6985523541574258,0.9897729134848896,High Risk,1
16:47:00,29,11.5,3.8,-3,8.25,-0.01,9,1.4892329745970956,0.8427944639718292,1.1660137192844624,High Risk,1
16:47:01,29,11,6.1,-3,7.63,-0.01,9,2.016555020582477,1.2304827595308745,1.6235188900566755,Medium Risk,1
16:47:02,29,10,5.4,-2.3,7.05,-0.01,9,1.9889618239365665,1.1052737112282165,1.5471177675823913,Medium Risk,1
16:47:03,1043,10,-0.2,-2.4,6.51,0.01,8,0.6898665752706208,0.4719470226742946,0.5809067989724577,High Risk,1
16:47:04,1043,9.2,0,-2.4,5.87,-0.01,8,0.7205061954927381,0.4952926466915383,0.6078994210921382,High Risk,1
16:47:05,1043,8.2,0.4,-2.6,5.08,0,8,0.842867442356034,0.5835676319865267,0.7132175371712803,High Risk,1
16:47:05,527,8.2,2.8,-2,5.08,0,9,1.102508845503701,0.7633329321824984,0.9329208888431,High Risk,1
16:47:06,527,7.1,3.5,-2,4.28,0,9,1.4289715966498673,0.974259843671417,1.201615720160642,High Risk,1
16:47:06,51,6.6,1.9,-2.4,4.28,0,8,1.3188477264122336,0.7398061125133729,1.0293269194628032,High Risk,1
16:47:06,513,6.8,-7.2,1.2,4.28,0,4,2.8954046157706723,1.7641285476717052,2.329766581721189,Medium Risk,1
16:47:07,527,5.7,4.1,-2.5,3.59,0,9,2.274790564385214,1.2672212049096645,1.7710058846474392,Medium Risk,1
16:47:07,513,5,-6.2,1,3.59,0,4,4.450834434615899,1.65726223207119,3.0540483333435446,Medium Risk,1
16:47:07,51,5.3,1.7,-2.5,3.59,0,8,1.7669452317745151,0.7978033910033092,1.282374311388912,Medium Risk,1
16:47:08,527,4.8,5.3,-2.7,3.1,0,9,3.496830654429878,1.689149432836424,2.5929900436331508,Medium Risk,1
16:47:08,51,4.3,2,-2.6,3.1,0,8,2.7312605273699804,0.9315266692284612,1.8313935982992209,Medium Risk,1
16:47:08,513,3.8,-5.4,0.8,3.1,0,4,7.787357525795256,1.5502341134330688,4.668795819614163,Medium Risk,1
16:47:09,527,3.6,5.8,-2.6,2.36,0,9,5.121756190836648,2.068734158114365,3.5952451744755067,Medium Risk,1
16:47:09,51,3.2,2.4,-2.6,2.36,0,8,4.20732604350871,1.151638479055245,2.679482261281977,Medium Risk,1
16:47:09,513,2.8,-5.2,0.6,2.36,0,4,11.86961662431057,1.7036849394419604,6.786650781876265,Low Risk,1
16:47:10,513,2.8,6.5,-2.7,1.44,-0.01,9,5.171671794033415,2.9326587026745896,4.052165248354003,Medium Risk,1
16:47:10,513,1.8,-4.4,0.6,1.44,-0.01,4,12.30234853729849,1.85027796877809,7.07631325303829,Low Risk,1
16:47:10,513,1,-7.4,4.4,1.44,-0.01,1,19.52067915379693,3.587163961098284,11.553921557447609,Low Risk,1
16:47:11,513,2.1,7.2,-2.7,0.88,0,9,6.29779145846501,4.098572367855112,5.198181913160061,Low Risk,1
16:47:11,513,1,-7.4,4.4,0.88,0,1,71.151217355474,4.588770879202642,37.86999411733832,Low Risk,1
16:47:11,513,1.2,-3.6,0.6,0.88,0,4,11.369649589342467,1.9452739933209688,6.657461791331718,Low Risk,1
16:47:12,51,1.2,4.4,-2.5,0.7,0,9,10.10106261786826,3.0243062959013547,6.562684456884807,Low Risk,1
16:47:13,51,0.9,5.2,-2.5,0.7,0,9,28.705217386570453,3.448084354288003,16.076650870429226,Low Risk,1
16:47:13,51,1.8,-6.6,-3.4,0.7,0,7,6.743219325438905,4.436858605558023,5.590038965498464,Low Risk,1
16:47:14,51,0.8,4.6,-2.5,0.71,0,9,57.53248401190511,3.106671603292537,30.319577807598822,Low Risk,1
16:47:15,51,0.4,4.9,-2.5,0.56,0,9,34.16713674403743,3.6754494380182368,18.92129309102783,Low Risk,1
16:47:16,51,0.5,4.7,-2.5,0.3,0,9,26.48523712279834,4.859698207365009,15.672467665081673,Low Risk,1
16:47:16,14,0.5,6.9,-0.7,0.3,0,6,34.504558973929754,6.331139971074194,20.41784947250197,Low Risk,1
16:47:16,510,0.5,-5,0,0.3,0,4,24.87562189054726,4.564354645876384,14.719988268211823,Low Risk,1
16:47:17,51,1.3,5.6,-2.2,0.11,0,9,5.051757835933275,9.070431482169262,7.061094659051268,Low Risk,1
16:47:17,510,1,-4,0.4,0.11,0,4,4.511728673903878,6.0603030227268935,5.286015848315386,Low Risk,1
16:47:18,510,1,-3.6,0.6,0.04,0,4,3.797770570425528,9.12414379544733,6.460957182936428,Low Risk,1
16:47:18,4,0.8,1.1,-3.3,0.04,0,8,4.570966394461521,8.696263565463042,6.633614979962282,Low Risk,1
16:47:19,510,0.8,-2.8,0.6,0.14,0,4,4.332169761959562,3.8265986388511055,4.079384200405334,Medium Risk,1
16:47:19,4,0.8,1.4,-3.3,0.14,0,8,5.423131113142184,4.790243059744314,5.106687086443249,Low Risk,1
16:47:19,789,1.8,-6.4,-2.8,0.14,0,7,4.205719252636479,9.335033858688307,6.770376555662394,Low Risk,1
16:47:20,24,1.2,-5.2,-2.6,0.54,0,7,8.795426235248796,3.9557740264262,6.375600130837498,Low Risk,1
16:47:20,510,0,-2.6,0.4,0.54,0,4,4.862457093517895,1.789889299287446,3.3261731964026704,Medium Risk,1
16:47:21,24,1.5,-5.6,-2.8,0.94,0,7,11.16041058288665,3.228859228101098,7.194634905493874,Low Risk,1
16:47:21,4,0.6,2.2,-3.8,0.94,0,8,12.876538651085133,2.2644336100817983,7.570486130583466,Low Risk,1
16:47:22,4,1.7,2,-2.8,1.21,0,8,7.008004290869757,1.5640591394622956,4.286031715166026,Medium Risk,1
16:47:22,24,1.5,-5.6,-2.6,1.21,0,7,21.21697462602492,2.806427098260569,12.011700862142742,Low Risk,1
16:47:22,510,1.2,-2.8,0,1.21,0,4,254.5454545454543,1.2727272727272725,127.9090909090908,Low Risk,1
16:47:23,510,1.2,-5.4,4.4,1.53,0,1,21.04419911452326,2.8156890054058525,11.929944059964557,Low Risk,1
16:47:23,4,3.1,3.8,-2.8,1.53,0,9,3.004563646392348,1.908015428610836,2.456289537501592,Medium Risk,1
16:47:23,510,1.5,-2.6,0.2,1.53,0,4,84.11874071229217,1.0540925533894596,42.586416632840816,Low Risk,1
16:47:23,24,2.8,-5.4,-2.4,1.53,0,7,4.649342786056384,2.3886988828525824,3.5190208344544835,Medium Risk,1
16:47:24,4,4.1,5.9,-2.8,2.7,0,9,4.661453780801057,1.9872277358355468,3.3243407583183022,Medium Risk,1
16:47:24,24,2.8,-5.2,-2.6,2.7,0,7,57.562145955440336,1.7690759253434063,29.665610940391872,Low Risk,1
16:47:24,510,1.8,-4.4,-0.4,2.7,0,4,4.903600895532635,1.344398529978149,3.123999712755392,Medium Risk,1
16:47:24,510,1.8,-2.2,1.4,2.7,0,5,2.8942075050844163,0.7934920476158722,1.843849776350144,Medium Risk,1
16:47:24,24,4.2,1,-3.1,2.7,0,8,2.1700862724719965,0.9911646721949928,1.5806254723334947,Medium Risk,1
16:47:25,4,4.4,7.4,-3,4.5,0.01,9,79.05057002463705,1.882076904918316,40.46632346477769,Low Risk,1
16:47:25,29,4,1.7,-2.7,4.5,0.01,8,6.36834424633854,0.7520333497440503,3.5601887980412954,Medium Risk,1
16:47:25,510,3.2,-3.6,0.8,4.5,0.01,4,2.834578238003293,0.8692259142439279,1.8519020761236105,Medium Risk,1
16:47:26,4,4.7,7.4,-3,6.33,0.01,9,4.895737118446152,1.5868724946463877,3.2413048065462697,Medium Risk,1
16:47:26,24,4.4,1.4,-3.9,6.33,0.01,8,2.1458585816265674,0.8234799432895891,1.4846692624580782,Medium Risk,1
16:47:27,4,5.2,6.2,-2.8,6.99,0.01,9,3.798388258253861,1.2865535556342922,2.5424709069440765,Medium Risk,1
16:47:27,24,4.9,0.2,-2.8,6.99,0.01,8,1.3424792762661404,0.5308774802200179,0.9366783782430792,High Risk,1
16:47:28,4,5.6,4.8,-2.8,7.38,0.01,9,3.120132766242977,1.022775390973485,2.0714540786082307,Medium Risk,1
16:47:28,510,7,-6.6,0.2,7.38,0.01,4,17.330478195741836,1.215303835981079,9.272891015861456,Low Risk,1
16:47:29,510,7.2,-6.6,0.6,7.78,0.02,4,11.406064364500104,1.1879841710669612,6.297024267783533,Low Risk,1
16:47:29,4,6,3.3,-2.7,7.78,0.02,9,2.394014361808868,0.7643221186586081,1.579168240233738,Medium Risk,1
16:47:30,4,6,-6.8,-2.6,8.63,0.02,7,2.7670261359240125,1.2390874496329451,2.003056792778479,Medium Risk,1
16:47:30,4,6.6,2.7,-2.9,8.63,0.02,9,1.950899723903451,0.6743942357048841,1.3126469798041676,Medium Risk,1
16:47:30,510,7.8,-7,0.4,8.63,0.02,4,8.437092332220683,1.1933558336094152,4.815224082915049,Low Risk,1
16:47:31,4,6.1,0,-2.7,9.72,0.03,8,0.7456408394567731,0.4330116706800283,0.5893262550684006,High Risk,1
16:47:32,4,7.2,0,-2.9,10.65,0,8,0.8403361344537815,0.4443172744510242,0.6423267044524029,High Risk,1
16:47:41,773,14.5,-7.4,2.4,13.77,0,4,10.642216327647995,1.048220125784067,5.845218226716032,Low Risk,1
16:48:52,773,16.7,5.7,-6.2,14.87,0.01,9,4.599678033511305,1.0920171297115069,2.8458475816114057,Medium Risk,2
16:48:53,773,10.9,6.6,-3,14.47,-0.01,9,2.030193382519344,0.9529351907083354,1.4915642866138397,Medium Risk,2
16:48:54,510,11.4,4.2,-3.1,13.97,0,9,2.030397998621266,0.6983209231204947,1.3643594608708802,Medium Risk,2
16:48:55,510,11.5,5.3,-3.5,13.52,0.01,9,3.1426848990234366,0.8636734039106233,2.00317915146703,Medium Risk,2
16:48:56,510,11.1,3.4,-3.4,13.32,0.03,9,2.1649045355671004,0.658735784167492,1.411820159867296,Medium Risk,2
16:48:57,510,11.6,2.5,-3.1,13.23,0.02,9,2.441707319861299,0.5474461748828584,1.4945767473720786,Medium Risk,2
16:48:58,510,11.2,0.8,-3.1,13.17,-0.01,8,1.624330772163277,0.4411019594108168,1.0327163657870468,High Risk,2
16:48:59,510,11.8,0.8,-3.1,13.21,0,8,2.2690022102880403,0.440433686206557,1.3547179482472986,Medium Risk,2
16:49:00,510,11.6,0.3,-3.5,13.55,0.01,8,1.8005263813645187,0.4771532403228192,1.138839810843669,High Risk,2
16:49:01,510,10.2,6.3,-3,13.95,0.01,9,1.8602546899997665,0.9341201319775392,1.3971874109886528,Medium Risk,2
16:49:01,777,13.5,-6.8,-3.2,13.95,0.01,7,16.663543160241442,1.00607460949142,8.834808884866431,Low Risk,2
16:49:02,777,10.8,-5.4,-3,14.14,0.02,7,1.8489529878815028,0.821389724190118,1.3351713560358105,Medium Risk,2
16:49:02,510,10.2,2.6,-2.6,14.14,0.02,9,0.9329972254784358,0.4889150748577885,0.7109561501681121,High Risk,2
16:49:04,510,9.6,0,-2.8,13.9,0.02,8,0.6510092148258043,0.3755090521974211,0.5132591335116128,High Risk,2
16:49:06,510,10.7,6.9,-3,14,0,9,2.2792977044503697,1.0054316770138372,1.6423646907321034,Medium Risk,2
16:49:06,510,10.7,6.7,-2.9,14,0,9,2.211658557824172,0.9755950565094692,1.5936268071668205,Medium Risk,2
16:49:07,510,11,4.3,-2.7,13.83,0.02,9,1.7934916897484878,0.6826532210131296,1.238072455380809,Medium Risk,2
16:49:08,510,11.1,1.1,-2.9,13.58,0,8,1.2501461039315451,0.4208309334178691,0.8354885186747072,High Risk,2
16:49:08,510,11.1,0.9,-2.8,13.58,0,8,1.1854446731038082,0.3990507883267643,0.7922477307152862,High Risk,2
16:49:09,510,11.4,0.1,-2.6,13.29,0.01,8,1.3759477470249497,0.3568632174553163,0.8664054822401329,High Risk,2
16:49:11,510,16.9,3.8,-6.2,12.91,-0.01,9,1.8220673119228488,1.0119348231444938,1.4170010675336715,Medium Risk,2
16:49:13,510,14.7,5.4,-6.2,12.66,-0.02,9,4.0284103656894965,1.155383679301087,2.591897022495292,Medium Risk,2
16:49:17,777,13.8,-6.4,-2.6,14.48,-0.01,7,10.143805269780469,0.9076865269191378,5.525745898349802,Low Risk,2
16:49:18,777,13.8,-6.4,-2.6,15.01,0,7,5.704348815580697,0.8915175064781933,3.297933161029445,Medium Risk,2
16:49:19,777,14,-5.2,-2,15.64,0.01,7,3.395091076784292,0.7043887999144918,2.049739938349392,Medium Risk,2
16:49:20,773,12,-7.2,-0.8,16.28,0.01,4,1.692198765087542,0.8977174688413267,1.2949581169644344,Medium Risk,2
16:49:30,773,11.3,4.6,-3.7,17.7,-0.03,9,0.9222567427073416,0.7015917127456718,0.8119242277265067,High Risk,2
16:49:31,773,11.9,0.1,-3.3,17.89,-0.03,8,0.5510767721956801,0.3902813312591076,0.4706790517273939,High Risk,2
16:50:01,510,12.6,3.3,-2.9,19.3,-0.03,9,0.6555978572372166,0.4999996979789252,0.577798777608071,High Risk,2
16:50:01,510,12.5,0,-2.9,19.3,-0.03,8,0.426406419333542,0.3300571044958161,0.3782317619146791,High Risk,2
16:50:02,510,12.3,6.1,-3,19.54,-0.04,9,0.9387868145690346,0.7689095481694566,0.8538481813692456,High Risk,2
16:50:02,510,12.7,0.7,-2.9,19.54,-0.04,8,0.4360866721155558,0.3374444370677333,0.3867655545916445,High Risk,2
16:50:03,510,12.2,-0.2,-3,19.51,-0.07,8,0.4112443760305035,0.3403487713966951,0.3757965737135993,High Risk,2
16:50:03,510,12,4.1,-2.8,19.51,-0.07,9,0.6610030127360771,0.5620156818244486,0.6115093472802628,High Risk,2
16:50:04,510,12.2,-0.8,-2.6,19.49,-0.02,8,0.3731024925377111,0.308091580638678,0.3405970365881945,High Risk,2
16:50:05,777,12,-5.8,-2.6,19.66,-0.01,7,0.8296694064461755,0.7167519811730764,0.7732106938096259,High Risk,2
16:50:05,777,11.9,6.7,-6.2,19.66,-0.01,9,1.1762045772937393,1.0293875477947694,1.1027960625442543,High Risk,2
16:50:06,510,11.9,0.1,-5.8,19.8,-0.02,8,0.7341924552367743,0.6518232280486064,0.6930078416426904,High Risk,2
16:50:07,510,12,-1.7,-6,19.69,0,8,0.810841858154667,0.7026937937686045,0.7567678259616357,High Risk,2
17:18:59,1040,0,-1.6,-2.6,0.01,0,8,277.5334094995227,15.264337522473747,146.3988735109982,Low Risk,2
17:19:00,777,0,-7.4,2.6,0.38,0,4,20.58653181220744,6.36189313102054,13.474212471613988,Low Risk,2
17:19:00,267,0.6,7.1,0.4,0.38,0,6,32.17764108155842,5.767992444699044,18.972816763128733,Low Risk,2
17:19:01,768,10.5,0,5.8,1.26,0,2,0.6276377015474516,2.583525338486769,1.6055815200171104,Medium Risk,2
17:19:01,267,1.5,7.3,0.8,1.26,0,6,30.471804095829302,3.2711461027286486,16.871475099278978,Low Risk,2
17:19:01,1040,0,-1,-2.6,1.26,0,8,2.209102026516117,1.2408394495995605,1.7249707380578387,Medium Risk,2
17:19:01,528,0.9,3,-2,1.26,0,9,9.98767666333515,1.6060401860990523,5.796858424717102,Low Risk,2
17:19:02,1040,0.2,-1.2,-2.6,2.03,-0.01,8,1.5639135406067777,1.0049079381516903,1.284410739379234,Medium Risk,2
17:19:02,528,2.1,3.2,-2,2.03,-0.01,9,53.16763369727019,1.3242633059988218,27.245948501634505,Low Risk,2
17:19:02,264,1.5,5.3,2.5,2.03,-0.01,6,11.035333945362646,2.0564563520675647,6.545895148715106,Low Risk,2
17:19:02,772,0.8,-1.2,2.8,2.03,-0.01,5,2.474612747085657,1.0690384822414485,1.7718256146635527,Medium Risk,2
17:19:03,772,1,-1.4,2.6,2.9,-0.01,5,1.5533602472662098,0.867017686522576,1.210188966894393,High Risk,2
17:19:03,25,3.9,1.4,-1.7,2.9,-0.01,8,2.20010937798409,0.646607270718677,1.4233583243513834,Medium Risk,2
17:19:03,528,3.9,4.2,-2,2.9,-0.01,9,4.647314151561519,1.3658353306356426,3.0065747410985804,Medium Risk,2
17:19:03,264,3.2,6.3,2.4,2.9,-0.01,6,22.39882957422615,1.979414093657663,12.189121833941906,Low Risk,2
17:19:04,772,3.2,-0.4,2.6,4.04,0,5,3.12793018738785,0.6543835433308041,1.891156865359327,Medium Risk,2
17:19:04,528,4.9,2.8,-1.9,4.04,0,9,3.9300637202528734,0.841747945622914,2.385905832937894,Medium Risk,2
17:19:04,528,3.2,-2.4,-2,4.04,0,8,3.714744197815294,0.7771488892352636,2.245946543525279,Medium Risk,2
17:19:05,772,4.8,0,2.6,5.31,0.01,5,5.08796886640141,0.5641514473807965,2.8260601568911032,Medium Risk,2
17:19:05,528,5.2,4.2,-3.5,5.31,0.01,9,49.24964891176426,1.186274831287575,25.21796187152592,Low Risk,2
17:19:05,777,4,-2.8,-2,5.31,0.01,7,2.624641794582588,0.7466175769603837,1.685629685771486,Medium Risk,2
17:19:05,772,3.7,0.1,-5.2,5.31,0.01,8,3.228386747661934,1.1285115113659017,2.178449129513918,Medium Risk,2
17:19:06,772,5.8,0,2.8,6.67,0,5,3.214695752009184,0.5420821648636563,1.87838895843642,Medium Risk,2
17:19:06,528,4.5,4.8,-5,6.67,0,9,3.192579171103355,1.3418642629379192,2.267221717020637,Medium Risk,2
17:19:06,1040,6.2,-1.6,-1.6,6.67,0,8,4.80412250487676,0.4380685425547149,2.6210955237157374,Medium Risk,2
17:19:07,784,11.5,-7,5.4,7.98,0.01,1,2.510886161455097,1.5648065795172483,2.0378463704861725,Medium Risk,2
17:19:07,772,7.8,0,3,7.98,0.01,5,16.574011894190274,0.5309940355931693,8.552502964891723,Low Risk,2
17:19:07,27,7.2,2.6,2.4,7.98,0.01,6,4.530515769413169,0.6262828981166675,2.578399333764918,Medium Risk,2
17:19:07,528,5.6,3.1,-5,7.98,0.01,9,2.470815183007572,1.0412839822155115,1.7560495826115416,Medium Risk,2
17:19:07,1040,7.2,0,-1.8,7.98,0.01,8,2.304719026133504,0.3185964213559015,1.311657723744703,Medium Risk,2
17:19:08,784,10.8,-3.8,5.2,8.7,0.01,1,3.065451924215049,1.0917661084670458,2.078609016341048,Medium Risk,2
17:19:08,772,7.6,2.4,2.4,8.7,0.01,5,3.082738267769924,0.5753557717456376,1.8290470197577808,Medium Risk,2
17:19:08,1040,8.2,0,-1.8,8.7,0.01,8,3.5927731574555435,0.3051284758471198,1.948950816651332,Medium Risk,2
17:19:08,528,6.7,5.4,-4.7,8.7,0.01,9,3.5776561571227843,1.2135485884692505,2.3956023727960174,Medium Risk,2
17:19:08,27,7.6,2.5,2.4,8.7,0.01,6,3.147617257478943,0.5874646496171,1.8675409535480207,Medium Risk,2
17:19:09,784,10.8,-1.8,5,9.24,0.02,2,3.404359890833943,0.874109532162134,2.1392347114980383,Medium Risk,2
17:19:09,27,9,3.4,2.9,9.24,0.02,6,18.54099284057908,0.7350595806560797,9.638026210617578,Low Risk,2
17:19:09,25,7.2,0.8,-4.3,9.24,0.02,8,2.142939324748685,0.7194340606520234,1.4311866927003545,Medium Risk,2
17:19:09,528,8,4.9,-4,9.24,0.02,9,5.096885993770303,1.0404417855824126,3.068663889676358,Medium Risk,2
17:19:09,42,9.9,2.2,3,9.24,0.02,5,5.628346252770698,0.6119297323051138,3.120137992537906,Medium Risk,2
17:19:10,784,10.2,-0.8,4.2,9.41,0.01,2,5.405234369116309,0.6968882878993186,3.0510613285078136,Medium Risk,2
17:19:10,27,9.8,4.6,2.7,9.41,0.01,6,13.641756078356885,0.8693931326563084,7.255574605506595,Low Risk,2
17:19:10,42,9.8,1.9,2.9,9.41,0.01,5,8.867095345106828,0.5651025978887847,4.716098971497806,Medium Risk,2
17:19:10,1040,9.5,0,-2,9.41,0.01,8,21.97930535081601,0.3259905912817283,11.152647971048866,Low Risk,2
17:19:10,528,8.9,5,-3.1,9.41,0.01,9,11.512652171459637,0.9589056325522518,6.235778902005944,Low Risk,2
17:19:11,784,9.8,-0.6,4,9.16,0,2,6.310061908317213,0.668211456216025,3.489136682266619,Medium Risk,2
17:19:11,27,9.4,5.1,2.8,9.16,0,6,24.14139121624704,0.9611730914826908,12.551282153864866,Low Risk,2
17:19:11,25,9.5,2.1,-2.2,9.16,0,8,8.919006642666014,0.5024503277715413,4.710728485218778,Medium Risk,2
17:19:11,528,9.3,5.2,-2.3,9.16,0,9,40.32586943497714,0.9393449822260126,20.632607208601577,Low Risk,2
17:19:12,784,9,-1,3.6,8.6,0.02,2,9.318017546741578,0.6370344230143078,4.977525984877943,Low Risk,2
17:19:12,27,8.9,5.1,2.6,8.6,0.02,6,19.019770871094504,0.976019314895548,9.997895092995028,Low Risk,2
17:19:12,1040,9.8,0,-1.8,8.6,0.02,8,1.498780062700389,0.3068970378125306,0.90283855025646,High Risk,2
17:19:12,528,10.1,6.3,-1.6,8.6,0.02,9,4.330513464010179,1.108239303211916,2.7193763836110474,Medium Risk,2
17:19:13,784,7.5,-2,3,8.16,0.01,5,5.4546412290919655,0.6310974684222035,3.0428693487570846,Medium Risk,2
17:19:13,27,8.8,5.9,2.6,8.16,0.01,6,10.058567490299584,1.128534328197261,5.593550909248423,Low Risk,2
17:19:13,1040,9.8,0,-1.6,8.16,0.01,8,0.9750188753065936,0.2800559116568333,0.6275373934817134,High Risk,2
17:19:14,773,7.5,-2.8,2.8,7.54,-0.01,4,96.56482011366538,0.721036366605142,48.64292824013526,Low Risk,2
17:19:14,27,9.9,6.1,-0.4,7.54,-0.01,6,2.58920705465128,1.1131294918870338,1.851168273269157,Medium Risk,2
17:19:14,773,10,0,-2.4,7.54,-0.01,8,0.9752159556873076,0.4370140322645189,0.7061149939759133,High Risk,2
17:19:14,528,10.1,3.3,-1.9,7.54,-0.01,9,1.486878724274154,0.693374940376097,1.0901268323251254,High Risk,2
17:19:15,773,8.5,-6.8,-0.2,7.71,0.02,4,8.60071257356155,1.2250075344731417,4.9128600540173455,Low Risk,2
17:19:15,528,10,3.7,-2.2,7.71,0.02,9,1.8789600134354263,0.7751393677463593,1.3270496905908928,Medium Risk,2
17:19:15,511,10.1,1.3,-2.3,7.71,0.02,8,1.1049760042352728,0.4757401399923541,0.7903580721138135,High Risk,2
17:19:16,784,9,-0.2,2.2,9.13,0.02,5,16.860327212516932,0.3655476578022094,8.612937435159571,Low Risk,2
17:19:16,773,8.2,-6.2,-0.2,9.13,0.02,4,6.662813118795087,1.0264826809361325,3.8446478998656097,Medium Risk,2
17:19:17,784,10,0,2.2,10.6,0.01,5,3.66053699387672,0.3378622390846507,1.999199616480685,Medium Risk,2
17:19:17,773,8.5,-7.2,-0.4,10.6,0.01,4,3.4322162595108248,1.1074360246025288,2.2698261420566768,Medium Risk,2
17:19:18,784,11.2,0,2.6,11.2,0.01,5,2588.444446737423,0.388449220616366,1294.4164479790195,Low Risk,2
17:19:19,784,12,0,2.6,11.82,0,5,14.364640883977923,0.3781243226560475,7.371382603316985,Low Risk,2
17:19:20,784,12.5,0,2.8,12.59,0.01,5,30.767888002725623,0.3945618599123422,15.581224931318983,Low Risk,2
17:19:21,784,13,0,3,13.36,-0.01,5,8.310163155386006,0.4103816838936739,4.36027241963984,Medium Risk,2
17:19:22,784,13.5,0,2.8,14.06,-0.01,5,4.991055705652411,0.3733664757261897,2.6822110906893006,Medium Risk,2
17:19:23,784,13.5,0,2.6,14.56,-0.01,5,2.450510447489671,0.3406925317574115,1.3956014896235414,Medium Risk,2
17:19:24,784,13.8,0,2.4,14.2,-0.05,5,5.983723853810283,0.3184459484153737,3.1510849011128284,Medium Risk,2
17:19:25,784,14.2,0,2.4,13.41,-0.01,5,3.0341483097405866,0.3276927226512411,1.680920516195914,Medium Risk,2
17:19:26,784,14.5,0,2.4,12.95,-0.01,5,1.5473926334545722,0.333461958915704,0.940427296185138,High Risk,2
17:19:27,784,14,0,2.4,12.83,-0.01,5,2.0495371368770545,0.3350177764969535,1.192277456687004,High Risk,2
17:19:27,255,18.1,2.5,2.3,12.83,-0.01,6,0.6444811348719507,0.4741977779713402,0.5593394564216454,High Risk,2
17:19:28,784,14.2,0,2.4,12.78,0,5,1.688951442646024,0.3356725433186756,1.01231199298235,High Risk,2
17:19:28,255,17,3.7,2.2,12.78,0,6,1.0198172589448415,0.6020634835170321,0.8109403712309369,High Risk,2
17:19:28,511,13.5,1.1,-2.8,12.78,0,8,4.172429668929628,0.4207545945025344,2.2965921317160816,Medium Risk,2
17:19:29,255,15.6,3.1,2,12.82,-0.02,6,1.326571033607584,0.5151750122568518,0.920873022932218,High Risk,2
17:19:29,784,14.3,1.7,2.5,12.82,-0.02,5,2.041374164927522,0.4221811371784447,1.2317776510529834,Medium Risk,2
17:19:29,511,13.7,1.9,-2.2,12.82,-0.02,8,3.299591199092106,0.4059327416478435,1.8527619703699747,Medium Risk,2
17:19:30,255,14.7,4.3,2.1,12.93,-0.02,6,2.7021096790234576,0.6654083146152727,1.6837589968193651,Medium Risk,2
17:19:30,528,13.9,2.8,-3,12.93,-0.02,9,4.22628452879642,0.5706128212513403,2.39844867502388,Medium Risk,2
17:19:30,511,13.5,0.9,-3.5,12.93,-0.02,8,6.329177055978463,0.5025069475536288,3.415842001766046,Medium Risk,2
17:19:31,255,15.5,6.7,2.3,12.93,-0.01,6,2.755268360141981,0.9849994895656136,1.8701339248537967,Medium Risk,2
17:19:31,528,13.6,3,-3.6,12.93,-0.01,9,6.983870062590243,0.6516086559692943,3.8177393592797686,Medium Risk,2
17:19:31,511,13.2,1.2,-4,12.93,-0.01,8,15.41026640105549,0.5806894251763214,7.995477913115906,Low Risk,2
17:19:32,255,15.4,5.8,1.9,12.74,0.01,6,2.2936064672907577,0.8549650507063795,1.5742857589985686,Medium Risk,2
17:19:32,511,13.4,1.4,-4.3,12.74,0.01,8,6.84144398197425,0.6334784998847663,3.737461240929509,Medium Risk,2
17:19:32,528,14.1,4.3,-4.4,12.74,0.01,9,4.520391702459096,0.861823169013045,2.6911074357360705,Medium Risk,2
17:19:33,777,16,-5.4,-2,12.25,0,7,1.5351831563730174,0.8226388599364555,1.1789110081547365,High Risk,2
17:19:34,528,15.5,7.2,-4.8,12.84,0.02,9,3.251925484452379,1.2074527554283283,2.2296891199403537,Medium Risk,2
17:19:34,1026,16.5,-1,-2.6,12.84,0.02,8,0.760909453046108,0.3887031764603354,0.5748063147532217,High Risk,2
17:19:35,260,3.6,6.4,6,13.22,-0.01,3,0.911826362241194,1.2063872654162329,1.0591068138287134,High Risk,2
17:19:35,1026,16,0,-2.2,13.22,-0.01,8,0.791083420350361,0.3025358849981742,0.5468096526742676,High Risk,2
17:19:36,5,2.8,0.2,5.8,13.33,-0.01,2,0.5510820609955898,0.7947689832498788,0.6729255221227343,High Risk,2
17:19:36,31,14.2,0.9,-2.3,13.33,-0.01,8,2.8356239303019533,0.3382359660180032,1.5869299481599783,Medium Risk,2
17:19:36,1026,16,1,-2.6,13.33,-0.01,8,1.0429358170810876,0.38149225830082,0.7122140376909538,High Risk,2
17:19:36,528,16.2,3.5,-2.1,13.33,-0.01,9,1.4216898847304762,0.5589749773978826,0.9903324310641796,High Risk,2
17:19:36,271,4.6,2.7,5.7,13.33,-0.01,3,0.7223841602188715,0.8637484040183101,0.7930662821185908,High Risk,2
17:19:37,31,15.9,2.3,-2,13.33,-0.01,8,1.1855132546135394,0.4174098809772791,0.8014615677954093,High Risk,2
17:19:37,528,16.1,4.2,-2.1,13.33,-0.01,9,1.6946045142925588,0.6430713559588893,1.168837935125724,High Risk,2
17:19:37,271,5.4,0,5.8,13.33,-0.01,2,0.7313071815549972,0.7942968899600796,0.7628020357575385,High Risk,2
17:19:38,765,6.5,-3.4,5.8,13.37,-0.01,1,0.9784734196443992,0.9193342864476218,0.9489038530460104,High Risk,2
17:19:38,528,16.7,4.3,-1.8,13.37,-0.01,9,1.3994446237907776,0.6374323540732477,1.0184384889320126,High Risk,2
17:19:40,773,15.8,-7,2.8,13.59,0,4,3.40987369063243,1.0225564926795576,2.216215091655994,Medium Risk,2
17:19:41,773,16.5,-4.4,2.2,13.9,0,4,1.8913300847749093,0.659736158294474,1.2755331215346917,Medium Risk,2
17:19:42,784,17.2,-1.2,2.4,14.28,0,5,0.918617450530554,0.3550358012483631,0.6368266258894585,High Risk,2
17:19:43,784,17.2,0,2.4,14.77,-0.02,5,0.9872535451896456,0.3122416256001154,0.6497475853948805,High Risk,2
17:19:44,784,17.5,0.6,3,15.26,0,5,1.3651993342952569,0.3915891606942963,0.8783942474947766,High Risk,2
17:19:44,259,18.5,3,2,15.26,0,6,1.11248110936871,0.4614922516101426,0.7869866804894263,High Risk,2
17:19:45,259,18.3,4.2,2.6,15.68,-0.02,6,1.8846469488537776,0.6237229319042394,1.2541849403790084,Medium Risk,2
17:19:45,784,17.3,1.6,2.9,15.68,-0.02,5,2.043260391314018,0.4182154880640319,1.230737939689025,Medium Risk,2
17:19:46,259,19.3,7.4,2.9,15.39,-0.01,6,2.032207188536764,1.0129921666556074,1.522599677596186,Medium Risk,2
17:19:46,46,18.5,4.8,4.2,15.39,-0.01,3,2.050174911082382,0.8129074817899332,1.4315411964361575,Medium Risk,2
17:24:48,766,14.5,0,3,13.1395,-0.1265,5,2.2044379965490988,0.4138012292232871,1.3091196128861928,Medium Risk,3
17:24:49,766,14.5,0.2,3,13.3395,-0.0555,5,2.5888576611886847,0.4116068222612395,1.500232241724962,Medium Risk,3
17:24:49,260,14.6,3.2,2.7,13.3395,-0.0555,6,3.319276664099968,0.5731777288107357,1.946227196455352,Medium Risk,3
17:24:50,260,14.1,2.9,2.9,13.98,-0.033,6,33.90528833960836,0.5484396050133228,17.22686397231084,Low Risk,3
17:24:50,766,14.9,1.3,3.1,13.98,-0.033,5,3.6500428081224414,0.4495262272754535,2.049784517698948,Medium Risk,3
17:24:51,260,14.1,2.9,2.9,14.8025,-0.0065,6,5.829724251804075,0.5329855615514184,3.181354906677747,Medium Risk,3
17:24:51,30,14.1,1.2,3.4,14.8025,-0.0065,2,5.125151330830013,0.4685696170368778,2.796860473933445,Medium Risk,3
17:24:52,766,14.5,0,3.2,15.5715,-0.006,5,2.9836797678243645,0.4054662789658663,1.6945730233951153,Medium Risk,3
17:24:52,260,14.6,3.1,3,15.5715,-0.006,6,4.435913413157007,0.5466104745840945,2.4912619438705503,Medium Risk,3
17:24:53,766,13.8,-1,3,16.1025,0.01,5,1.3728124147766947,0.394024574343385,0.8834184945600398,High Risk,3
17:24:53,260,13.9,1.3,3.6,16.1025,0.01,2,1.7370213061778383,0.4769162505075724,1.1069687783427054,High Risk,3
17:24:54,766,13.8,-1.2,3.2,16.2265,-0.0195,5,1.407861998884474,0.4242079876884429,0.9160349932864584,High Risk,3
17:24:55,773,13.5,-3.6,3.2,15.6995,0.0155,4,2.188875747920821,0.6078143936234809,1.398345070772151,Medium Risk,3
17:24:56,773,14.5,-4.6,2.8,15.118,0.066,4,8.69775727969218,0.6924999773029333,4.695128628497557,Medium Risk,3
17:24:57,766,14.5,-5,3.6,14.544,0.123,1,135.3505031377963,0.8077619805506828,68.07913255917349,Low Risk,3
17:24:58,766,15,-4.6,3.4,14.338,0.1295,1,8.635278770170087,0.7553069956871011,4.6952928829285945,Medium Risk,3
17:24:59,773,15,-3.6,3.2,14.702,0.174,4,16.164820905656086,0.6280736603820181,8.396447283019052,Low Risk,3
17:25:00,773,15,-3.2,3.2,14.7165,0.1685,4,15.960911878845216,0.5898186223631224,8.27536525060417,Low Risk,3
17:25:01,773,15.5,-2.6,3.2,14.5895,0.1945,4,4.529871962118174,0.5397031661938716,2.5347875641560225,Medium Risk,3
17:25:02,766,15.8,-1.4,3.2,14.6185,0.1905,5,2.9568878670191543,0.4567516000613739,1.7068197335402642,Medium Risk,3
17:25:03,766,16,0,3.2,14.6615,0.1285,5,2.38995580176863,0.4178519569578432,1.403903879363237,Medium Risk,3
17:25:04,766,16,0,2.8,14.6115,0.043,5,2.01520511402918,0.3662517379286126,1.190728425978896,High Risk,3
17:25:04,766,15.8,0.9,3.4,14.6115,0.043,2,2.956946759799305,0.4600515652355004,1.708499162517403,Medium Risk,3
17:25:05,766,15.5,0,3,14.65,0.0045,5,3.525267257819965,0.3918974489608248,1.9585823533903948,Medium Risk,3
17:25:06,766,15.8,0,3.2,14.805,0.0015,5,3.2128516507406224,0.4158299592451001,1.814340804992861,Medium Risk,3
17:25:06,260,15.7,2.6,3.1,14.805,0.0015,6,4.515609383884147,0.5257631419100036,2.520686262897075,Medium Risk,3
17:25:07,766,16,0.2,3.6,14.983,-0.003,2,3.5417999402844247,0.4657386568518645,2.003769298568145,Medium Risk,3
17:25:08,766,15.6,2.4,2.7,15.2165,-0.0055,5,9.395286638304842,0.4630393084487782,4.92916297337681,Low Risk,3
17:25:08,766,16,1.6,3.4,15.2165,-0.0055,2,4.789883501200722,0.4816482130261591,2.635765857113441,Medium Risk,3
17:25:09,766,16.4,3.3,2.7,15.598,-0.0065,6,5.309848458788325,0.539799486296819,2.924823972542572,Medium Risk,3
17:25:10,766,16.5,4.1,3.1,15.98,-0.013,6,9.865817810770787,0.6429066998245159,5.254362255297652,Low Risk,3
17:25:11,257,16.8,4.7,3.4,16.3335,-0.0235,3,12.408709688758558,0.7176665184883355,6.563188103623447,Low Risk,3
17:25:11,257,17.1,1.1,3.5,16.3335,-0.0235,2,4.780284141149837,0.4538921597732961,2.6170881504615666,Medium Risk,3
17:25:12,257,17.3,5.5,3.4,16.3955,-0.036,3,7.141189956185485,0.7984490930042941,3.9698195245948895,Medium Risk,3
17:25:12,257,17,1.7,3.5,16.3955,-0.036,2,6.426538873186835,0.4804742147798805,3.453506543983357,Medium Risk,3
17:25:13,257,17.6,2.8,3.9,15.8745,0.0055,3,2.7807959473885004,0.6024977488586842,1.6916468481235922,Medium Risk,3
17:25:14,257,17.3,4.8,3.9,15.5685,0.028,3,3.5698403021830365,0.7837219084843031,2.17678110533367,Medium Risk,3
17:25:15,257,17.4,6.8,3.5,15.7855,0.008,3,4.734066925898966,0.96245762129066,2.848262273594813,Medium Risk,3
17:25:41,1036,19.8,-6.8,-3.2,19.03,0.0065,7,9.747507797440324,0.8613862629966266,5.304447030218475,Low Risk,3
17:25:42,1036,19.8,-6.6,-3.2,18.827,-0.011,7,7.530669946547149,0.8452215157280082,4.187945731137578,Medium Risk,3
17:25:43,1036,19.8,-5.8,-3,18.049,-0.0075,7,3.727132930799388,0.7685144029115077,2.247823666855448,Medium Risk,3
17:25:45,1036,19,-2.8,-2.6,16.6925,0.0175,7,1.655191604263707,0.4676119707291638,1.0614017874964354,High Risk,3
17:25:46,1036,19,0,-2.6,16.4355,0.0235,8,1.0134543077583178,0.3206650811605872,0.6670596944594525,High Risk,3
17:25:47,1036,18.5,0,-2.4,16.262,-0.0025,8,1.0719071933827102,0.2975735082367245,0.6847403508097174,High Risk,3
17:25:48,1036,18.2,0,-2.6,16.1535,0.0085,8,1.2698426568116674,0.3234521216805063,0.7966473892460868,High Risk,3
17:40:07,1043,3.2,-6.8,-0.4,4.57,0,4,4.96845699954089,1.5932021895008168,3.280829594520853,Medium Risk,4
17:40:07,782,4.8,0,2.4,4.57,0,5,10.38961038961041,0.5613363236699855,5.475473356640198,Low Risk,4
17:40:07,275,8.5,1.8,5.1,4.57,0,2,1.3758145289229164,1.2649543111078645,1.3203844200153905,Medium Risk,4
17:40:07,257,8.6,2.6,4.9,4.57,0,3,1.3761030263814105,1.2974052542953127,1.3367541403383616,Medium Risk,4
17:40:08,1043,3.2,-7.2,-0.4,4.79,0,4,4.5324340357812565,1.647418427086442,3.089926231433849,Medium Risk,4
17:40:08,782,4.5,0,2.4,4.79,0,5,8.24742268041237,0.5482939948619446,4.397858337637158,Medium Risk,4
17:40:09,35,10,4.6,3.6,4.57,0,3,1.0755353980121696,1.3662067148664474,1.2208710564393086,High Risk,4
17:40:09,782,5,0,2.6,4.57,0,5,6.032482598607893,0.6081143506424843,3.3202984746251887,Medium Risk,4
17:40:10,1043,5.2,-7.4,-0.2,4.29,0,4,8.125908023412402,1.787029152944404,4.956468588178403,Low Risk,4
17:40:10,782,5,0,2.4,4.29,0,5,3.3755274261603376,0.5793654595023211,1.9774464428313288,Medium Risk,4
17:40:11,782,5.4,1.9,2.5,4.03,0,5,2.290345509570763,0.7820885698035547,1.536217039687159,Medium Risk,4
17:40:11,1043,5.2,-6.4,-0.4,4.03,0,4,5.476078408840786,1.5971438527422497,3.536611130791518,Medium Risk,4
17:40:12,782,5.8,2,2.4,3.78,0,5,1.5458188373887491,0.803431792688493,1.174625315038621,High Risk,4
17:40:12,1049,4.8,-7.2,2.8,3.78,0,4,7.566388997386079,1.986728453284431,4.776558725335256,Medium Risk,4
17:40:13,263,6,4,2.6,3.54,0,6,1.9385388771843253,1.2678109609750037,1.6031749190796645,Medium Risk,4
17:40:13,1043,4.2,-4.6,-0.2,3.54,0,4,6.9657273423427135,1.2235910841628987,4.094659213252806,Medium Risk,4
17:40:13,782,6,1.8,2.8,3.54,0,5,1.352565378065277,0.8845823170888137,1.1185738475770457,High Risk,4
17:40:14,263,6.3,7,2.7,2.82,0,6,2.155319216535788,2.2338863505000326,2.1946027835179103,Medium Risk,4
17:40:14,1043,3.5,-4.4,-0.4,2.82,0,4,6.487730406571076,1.3154833537147892,3.901606880142933,Medium Risk,4
17:40:14,782,6.5,-1.8,2.4,2.82,0,5,0.8149959250203749,0.8932370012631204,0.8541164631417477,High Risk,4
17:40:15,782,3.5,1.4,2.8,2.26,0,5,2.5225585564058868,1.0411872052902769,1.781872880848082,Medium Risk,4
17:40:15,1043,3,-4,-0.2,2.26,0,4,5.404854087584556,1.3320421476762068,3.3684481176303813,Medium Risk,4
17:40:15,263,1.9,6.9,0.1,2.26,0,6,19.11558060840568,2.295146861323748,10.705363734864711,Low Risk,4
17:40:16,782,5.2,2.3,2.1,2.07,0.01,5,0.9947321391522383,1.0823511051000028,1.0385416221261206,High Risk,4
17:40:16,1043,2,-4,-0.2,2.07,0.01,4,56.38922293411203,1.3918245087256669,28.890523721418848,Low Risk,4
17:40:16,263,2.4,7.3,0,2.07,0.01,6,22.05599018210802,2.536910569700012,12.296450375904016,Low Risk,4
17:40:17,263,5.6,6,2.3,2.01,0,6,1.7893983655157164,2.2661800765392592,2.027789221027488,Medium Risk,4
17:40:17,1043,2,-4,-0.2,2.01,0,4,364.0906253545668,1.4124534950297978,182.7515394247983,Low Risk,4
17:40:18,1043,2,-4,-0.4,2.16,0,4,24.96863508353014,1.3676148472323522,13.168124965381246,Low Risk,4
17:40:18,263,4,5.4,2.4,2.16,0,6,3.2098395877662487,2.01038968030247,2.6101146340343595,Medium Risk,4
17:40:18,777,10,-6.8,6.8,2.16,0,1,1.2264573682103106,3.271651525407879,2.2490544468090947,Medium Risk,4
17:40:19,1043,2,-4,-0.4,2.1,0,4,39.801487608399526,1.3870146083619752,20.59425110838075,Low Risk,4
17:40:19,263,1.8,7.4,-0.4,2.1,0,6,24.62060772577928,2.556969932966604,13.588788829372938,Low Risk,4
17:40:19,262,9.8,0,6.8,2.1,0,2,0.8830022075055186,2.346222901764004,1.6146125546347614,Medium Risk,4
17:40:19,262,6,0,2.2,2.1,0,5,0.5639579594975648,0.7590721152765897,0.6615150373870773,High Risk,4
17:40:19,1,5.8,2.6,6.4,2.1,0,3,1.8665134870759843,2.3834748542731434,2.124994170674564,Medium Risk,4
17:40:20,256,9.7,3,6.5,2,0,3,0.9296079121722084,2.5310570914145734,1.7303325017933908,Medium Risk,4
17:40:20,782,3.6,1.8,2.5,2,0,5,1.924162623454012,1.089151045539598,1.506656834496805,Medium Risk,4
17:40:20,1043,2,-4,-0.4,2,0,4,0.5,1.4212670403551892,0.9606335201775946,High Risk,4
17:40:21,263,4.2,3,2.2,2,0,6,1.6902385495445955,1.3152946437965904,1.502766596670593,Medium Risk,4
17:40:21,1043,1.8,-4.2,0,2,0,4,20.895522388059707,1.4849242404917498,11.190223314275729,Low Risk,4
17:40:21,60,8.9,4.1,6.8,2,0,3,1.1506162892975114,2.8073564077259587,1.978986348511735,Medium Risk,4
17:40:21,782,4.5,0.6,2.6,2,0,5,1.0669063625850728,0.9433981132056604,1.0051522378953666,High Risk,4
17:40:21,782,3.7,2,2.4,2,0,5,1.836625438190865,1.104536101718726,1.4705807699547957,Medium Risk,4
17:40:22,263,4,3.4,2,2.27,0,6,2.2788079634102854,1.3090669912824164,1.793937477346351,Medium Risk,4
17:40:22,1043,2,-4.2,-0.6,2.27,0,4,15.655500690477064,1.407969763391796,8.53173522693443,Low Risk,4
17:40:22,782,3.5,1.4,2.2,2.27,0,5,2.118343592267311,0.8653893218743208,1.491866457070816,Medium Risk,4
17:40:22,796,10.2,-4,6.2,2.27,0,1,0.9303173242061136,2.4485903523571246,1.689453838281619,Medium Risk,4
17:40:22,262,10.1,0.5,6.2,2.27,0,2,0.7942955709403134,2.064222181805784,1.4292588763730487,Medium Risk,4
17:40:23,262,10.4,2.3,6.3,2.21,0,2,0.8187905084657412,2.255711704566354,1.5372511065160477,Medium Risk,4
17:40:23,263,3.3,4.3,2.2,2.21,0,6,4.427235444815151,1.6245430962252778,3.0258892705202145,Medium Risk,4
17:40:23,1043,2,-4.4,-0.2,2.21,0,4,20.87461189151208,1.4814081597407942,11.178010025626438,Low Risk,4
17:40:23,262,10.5,0,6.4,2.21,0,2,0.771921360511398,2.1525529407882,1.4622371506497989,Medium Risk,4
17:40:23,262,8.8,-4.6,5.6,2.21,0,1,1.0995400353204936,2.43745286530596,1.7684964503132266,Medium Risk,4
17:40:24,263,2.6,4.8,2.3,2.1,0,6,10.623938828080847,1.8364691795995507,6.2302040038402,Low Risk,4
17:40:24,1043,2,-4.6,-0.4,2.1,0,4,45.71642130936706,1.593140056019946,23.654780682693502,Low Risk,4
17:40:24,262,9.5,-0.8,5.6,2.1,0,2,0.7643364747321144,1.9518001458970664,1.3580683103145903,Medium Risk,4
17:40:24,262,8.2,1.6,5.5,2.1,0,2,0.9388627104815398,1.9763482438458009,1.4576054771636702,Medium Risk,4
17:40:25,271,9.4,6.1,5.8,2.01,0,3,1.138850521527207,2.968533148665577,2.053691835096392,Medium Risk,4
17:40:25,263,2.5,5.2,2.2,2.01,0,6,11.499465754373198,1.991274498745272,6.7453701265592345,Low Risk,4
17:40:25,1043,2,-4.4,-0.4,2.01,0,4,401.64949153409,1.5581593938097005,201.60382546394985,Low Risk,4
17:40:25,795,10.2,-5,7,2.01,0,1,1.0502167338594344,3.033806206649081,2.0420114702542578,Medium Risk,4
17:40:25,262,9.7,1.6,6.9,2.01,0,2,0.920956758131051,2.4980091575580308,1.709482957844541,Medium Risk,4
17:40:26,262,10.8,2.2,7,2.42,0,2,0.8755010775728024,2.3583857765587,1.6169434270657508,Medium Risk,4
17:40:26,263,2.3,5.4,2.2,2.42,0,6,48.18968508136608,1.8741389207353003,25.03191200105069,Low Risk,4
17:40:26,1043,2,-4.2,-0.4,2.42,0,4,10.021388650702608,1.3560394445614814,5.688714047632045,Low Risk,4
17:40:26,262,11.2,0,7.2,2.42,0,2,0.8199521694567818,2.3141676475196102,1.567059908488196,Medium Risk,4
17:40:27,262,2,5,2.2,2.88,0,6,6.200454158341732,1.6094339929856638,3.904944075663698,Medium Risk,4
17:40:27,1043,2,-4.6,-0.4,2.88,0,4,5.241042624569896,1.3604023097762088,3.300722467173052,Medium Risk,4
19:11:43,514,16.6,6.1,-2.4,20.5505,0.0245,9,1.6588957154702575,0.7230050494912434,1.1909503824807506,High Risk,5
19:11:44,514,17,2.6,-2.2,20.1975,-0.0375,9,1.0648242001092605,0.3789219959606771,0.7218730980349688,High Risk,5
19:11:44,1023,18,0,-2.6,20.1975,-0.0375,8,1.1826057905839609,0.289263854941072,0.7359348227625164,High Risk,5
19:11:45,1023,17.2,-0.6,-2.4,19.2395,-0.02,8,1.2123747965684235,0.2819997396872602,0.747187268127842,High Risk,5
19:11:46,1023,16.8,-0.2,-2.4,18.263,-0.0385,8,1.6449809845505288,0.2817717563543853,0.963376370452457,High Risk,5
19:11:47,1023,16.5,-1.8,-2.6,17.615,-0.021,8,2.833550349939812,0.376728543267426,1.6051394466036188,Medium Risk,5
19:11:48,1023,16.5,-3,-2.8,17.359,-0.026,7,4.771586043531075,0.4924684955052824,2.632027269518179,Medium Risk,5
19:11:48,1023,16.5,-3,-2.6,17.359,-0.026,7,4.616042754143837,0.4764150975341144,2.546228925838976,Medium Risk,5
19:11:49,1023,17,-3.2,-2.8,16.9975,-0.0125,7,1216.4712993614005,0.515675660789578,608.4934875110949,Low Risk,5
19:11:50,1023,17.2,-2.8,-2.8,16.9065,-0.0075,7,13.445909482984584,0.4815220261252865,6.963715754554936,Low Risk,5
19:11:50,1023,17.2,-2.8,-2.8,16.9065,-0.0075,7,13.445909482984584,0.4815220261252865,6.963715754554936,Low Risk,5
19:11:51,1023,17.2,-2.6,-2.8,16.9135,-0.007,7,13.290483084512651,0.4645470106597932,6.877515047586222,Low Risk,5
19:11:51,1026,18.8,-1.2,-6,16.9135,-0.007,8,3.241763238229198,0.7439113106398278,1.9928372744345129,Medium Risk,5
19:11:52,524,22.6,1.2,-5.7,16.9535,-0.0015,8,1.0314203488494462,0.707346563606768,0.8693834562281071,High Risk,5
19:11:52,1023,17.2,-2.8,-2.8,16.9535,-0.0015,7,15.999188025529111,0.480854126516041,8.240021076022575,Low Risk,5
19:11:53,514,22,3.5,-5.6,16.478,-0.0275,9,1.1956933243363608,0.8134118518373302,1.0045525880868456,High Risk,5
19:11:53,1023,17.5,-1.8,-2.6,16.478,-0.0275,8,3.091249849308248,0.3895089603023247,1.740379404805286,Medium Risk,5
19:11:54,513,21.1,5.3,-5.5,15.689,-0.0345,9,1.4113296594511269,0.964173209935858,1.1877514346934923,High Risk,5
19:11:54,1023,17.5,-0.8,-2.6,15.689,-0.0345,8,1.5012974888727049,0.3433900505580165,0.9223437697153608,High Risk,5
19:11:55,1023,17.2,-0.2,-2.8,15.465,0.0025,8,1.617012728267333,0.356909533018873,0.986961130643103,High Risk,5
19:11:56,1023,17,-0.2,-2.8,15.396,-0.0225,8,1.749010918956109,0.357708228069527,1.053359573512818,High Risk,5
19:11:57,513,17.1,3.5,-2.8,15.2785,-0.021,9,2.4593813224078027,0.5733494606856969,1.51636539154675,Medium Risk,5
19:11:57,1023,17.2,0.4,-3.4,15.2785,-0.021,8,1.7807408340413555,0.43791845292569,1.1093296434835227,High Risk,5
19:11:58,513,16.6,3.3,-2.8,15.2585,0.007,9,3.223703670656264,0.5539657942566216,1.8888347324564427,Medium Risk,5
19:11:59,513,16.9,4.5,-2.8,15.3345,0.02,9,3.383366822531321,0.6767229097515188,2.03004486614142,Medium Risk,5
19:12:00,513,16.9,5.9,-2.9,15.442,-0.0245,9,4.506017507054027,0.8364892002537024,2.671253353653865,Medium Risk,5
19:12:01,513,16.7,7.2,-3.1,15.563,0.002,9,6.888405908730184,0.993537554211185,3.9409717314706847,Medium Risk,5
19:12:07,513,15.7,6.3,-2.7,17.6365,-0.0135,9,3.537640008699356,0.816056532394198,2.1768482705467767,Medium Risk,5
19:12:08,513,15.6,4.1,-2.7,17.965,-0.0055,9,2.0748830670239378,0.5791151209176342,1.326999093970786,Medium Risk,5
19:12:09,767,16.5,0,-3.4,17.9355,-0.0205,8,2.366844602174321,0.4014135565329125,1.3841290793536167,Medium Risk,5
19:12:10,767,16.5,-0.4,-3.2,17.284,-0.024,8,4.108069614485195,0.3878504822897183,2.2479600483874567,Medium Risk,5
19:12:11,767,16,-1,-3.2,17.126,-0.0225,8,2.9747710339651023,0.4050652644204858,1.6899181491927942,Medium Risk,5
19:12:12,767,15.8,-0.4,-3,17.3595,0.0115,8,1.939469274174284,0.3632027159606412,1.1513359950674622,High Risk,5
19:12:13,767,16,-0.8,-3,17.69,0.024,8,1.8360763141558705,0.3691003057825726,1.1025883099692213,High Risk,5
19:12:13,767,16,-1,-3,17.69,0.024,8,1.87004566240104,0.3759290507142837,1.1229873565576618,High Risk,5
19:12:14,767,15.8,-2.6,-2.8,17.897,0.004,7,1.821255395997731,0.4516024691288487,1.13642893256329,High Risk,5
19:12:14,767,15.8,-2.8,-3,17.897,0.004,7,1.955984762348419,0.485010257318162,1.2204975098332904,High Risk,5
19:12:15,767,15.8,-4.8,-2.8,17.8765,0.007,7,2.674837030025272,0.657154349800648,1.6659956899129598,Medium Risk,5
19:12:15,767,15.8,-5.6,-3.2,17.8765,0.007,7,3.104597806855897,0.7627380398340114,1.933667923344954,Medium Risk,5
19:12:16,767,15.8,-7.2,-3.2,17.866,0.002,7,3.811846064209857,0.9320349375149024,2.3719405008623795,Medium Risk,5
19:12:16,767,15.8,-7.2,-3.2,17.866,0.002,7,3.811846064209857,0.9320349375149024,2.3719405008623795,Medium Risk,5
19:12:42,49,13.2,6.4,-2.4,14.5485,-0.0125,9,5.064969097836166,0.8960087113068989,2.9804889045715326,Medium Risk,5
19:12:43,49,13.2,5,-2.4,14.8965,-0.005,9,3.267256028226385,0.7184905115818483,1.9928732699041167,Medium Risk,5
19:12:43,772,20.5,-6,8.2,14.8965,-0.005,1,1.8129556888210752,1.3162908718020998,1.5646232803115874,Medium Risk,5
19:12:43,261,20.1,-1.9,8.1,14.8965,-0.005,2,1.5985891266008094,1.077813624390564,1.3382013754956867,Medium Risk,5
19:12:44,261,13.3,3.3,-2.2,15.495,0.0225,9,1.8060459470005503,0.5037770122737654,1.154911479637158,High Risk,5
19:12:44,49,13.2,6.7,-2.5,15.495,0.0225,9,3.114622295877517,0.908352356003731,2.011487325940624,Medium Risk,5
19:12:45,49,13.6,1.3,-2.3,15.6585,-0.02,8,1.282812613672723,0.3338277691309896,0.8083201914018563,High Risk,5
19:12:45,49,13.5,4.7,-2.3,15.6585,-0.02,9,2.4230420153781145,0.6611674593728972,1.542104737375506,Medium Risk,5
19:12:46,49,14.2,0,-2.3,14.8605,-0.0315,8,3.476770863868211,0.2983188124332737,1.8875448381507425,Medium Risk,5
19:12:46,49,14,3,-2.2,14.8605,-0.0315,9,4.31813219358325,0.482526145643831,2.4003291696135407,Medium Risk,5
19:12:47,49,14.4,0.1,-2.5,13.863,-0.0055,8,4.650565566101957,0.3359916946484498,2.493278630375204,Medium Risk,5
19:12:47,49,14.3,2.9,-2.4,13.863,-0.0055,9,8.59432744667608,0.5055059837320696,4.549916715204075,Medium Risk,5
19:12:48,49,14.5,0.7,-2.7,12.551,-0.0605,8,1.4304993453093424,0.3936571240321786,0.9120782346707604,High Risk,5
19:12:48,49,14.4,3.2,-2.3,12.551,-0.0605,9,2.1303366121270138,0.5561783055797433,1.3432574588533783,Medium Risk,5
19:12:49,49,14.2,1.7,-2.7,11.44,-0.0705,8,1.1556907918978825,0.4716575142560996,0.813674153076991,High Risk,5
19:12:49,49,14,4.1,-2.7,11.44,-0.0705,9,1.9170603376920392,0.7257071301971503,1.3213837339445949,Medium Risk,5
19:12:50,49,14.5,3.8,-2,11.526,0.002,9,1.4434226424136245,0.6324280906407367,1.0379253665271806,High Risk,5
19:12:50,49,14.6,7.1,-2.3,11.526,0.002,9,2.427071116736676,1.0991533579612334,1.7631122373489545,Medium Risk,5
19:12:50,23,11.6,1.2,-5.5,11.526,0.002,8,75.05866936333899,0.8290711694747454,37.94387026640687,Low Risk,5
19:12:51,23,11.6,1.1,-5.5,12.138,0.0035,8,10.406152530363602,0.8049627577984055,5.605557644081004,Low Risk,5
19:12:51,49,14.9,7,-1.3,12.138,0.0035,9,2.5767977939986366,1.021780415627334,1.799289104812985,Medium Risk,5
19:12:59,49,14.8,-7,3.4,13.508,-0.0415,1,6.0188818883965,1.0586840907186887,3.5387829895575944,Medium Risk,5
19:12:59,791,14.8,-7.4,2.8,13.508,-0.0415,4,6.119417080687655,1.076367609121198,3.5978923449044267,Medium Risk,5
19:13:00,791,15,-5.8,3.2,13.8065,-0.052,4,5.546036967608354,0.891374026251594,3.218705496929974,Medium Risk,5
19:13:01,791,14.8,-4.8,3,14.1155,-0.035,4,8.257836619782445,0.7532991152253591,4.505567867503902,Medium Risk,5
19:13:02,791,15,-3.8,2.8,14.3765,-0.012,4,7.558378450189143,0.622444935401421,4.090411692795282,Medium Risk,5
19:13:03,791,15,-3.2,2.8,14.07,-0.0215,4,4.567275349886266,0.5667896552987917,2.5670325025925287,Medium Risk,5
19:13:04,791,15,-2.2,2.8,13.4615,0.024,5,2.313055049831532,0.4852690108039093,1.3991620303177208,Medium Risk,5
19:13:05,791,15.5,0,3,12.8765,0.0085,5,1.1430760933121693,0.4180154133310358,0.7805457533216026,High Risk,5
19:13:05,261,16.5,1,3.9,12.8765,0.0085,2,1.1108201253257584,0.5609995958140112,0.8359098605698847,High Risk,5
19:13:06,261,16.1,1.7,4,12.301,0.025,2,1.1437610049990627,0.6196055876264411,0.8816832963127519,High Risk,5
19:13:06,791,15.2,0,2.8,12.301,0.025,5,0.9655256995217532,0.3991695256795717,0.6823476126006625,High Risk,5
19:13:07,791,15.4,2.1,3,11.7945,0.0645,5,1.015429299469602,0.5331401366151653,0.7742847180423836,High Risk,5
19:13:07,791,15,0.6,3.2,11.7945,0.0645,5,1.0154196791954757,0.4740017255073255,0.7447107023514006,High Risk,5
19:13:07,261,13.5,1.4,3.5,11.7945,0.0645,2,2.209203038926944,0.5488125435617434,1.3790077912443437,Medium Risk,5
19:13:08,261,14.6,2.7,3.6,11.365,0.072,3,1.3907036998478357,0.6674111233912442,1.02905741161954,High Risk,5
19:13:09,10,14.6,4.4,3.9,11.0425,0.0775,3,1.6524027599716398,0.8846686597839931,1.2685357098778165,Medium Risk,5
